"id","tagged_id","tagged_type","name","slug","uses","created_at","updated_at","deleted_at","synonyms"
1,1,"App\\Model\\Location","Tampa Bay","tampa-bay",7133,"2018-03-12 18:14:21","2019-10-08 13:48:08",NULL,"Tampa, St. Petersburg, St. Pete, Clearwater, Brandon, Spring Hill, Apollo Beach, Bayonet Point, Bloomingdale, Citrus Park, Cheval, Dunedin, Egypt Lake-Leto, East Lake, East Lake-Orient Park, Elfers, Fish Hawk, Greater Carrollwood, Greater Northdale, Gulfport, Holiday, Hudson, Jasmine Estates, Keystone, Lake Magdalene, Land O' Lakes, Largo, Lealman, Lutz, New Port Richey, Mango, Oldsmar, Palm Harbor, Palm River-Clair Mel, Pinellas Park, Plant City, Riverview, Safety Harbor, Shady Hills, Seminole, Sun Center, Tarpon Springs, Temple Terrace, Thonotosassa, Town 'n' Country, Trinity, Valrico, Wesley Chapel, West Lealman, Westchase, Zephyrhills"
2,2,"App\\Model\\Location","Jacksonville","jacksonville",1479,"2018-03-12 18:14:21","2019-10-08 13:48:08",NULL,NULL
3,3,"App\\Model\\Location","Miami","miami",4722,"2018-03-12 18:14:21","2019-10-08 13:48:08",NULL,NULL
4,4,"App\\Model\\Location","Orlando","orlando",3289,"2018-03-12 18:14:21","2019-10-08 13:48:08",NULL,NULL
5,5,"App\\Model\\Location","Panhandle","panhandle",926,"2018-03-12 18:14:21","2019-10-08 13:48:08",NULL,NULL
6,6,"App\\Model\\Location","Tallahassee","tallahassee",NULL,"2018-03-12 18:14:21","2018-06-15 16:11:19","2018-06-15 16:11:19",NULL
7,7,"App\\Model\\Location","Fort Myers","fort-myers",1321,"2018-03-12 18:14:21","2019-10-08 13:48:08",NULL,NULL
8,8,"App\\Model\\Location","Palm Beach","palm-beach",2065,"2018-03-12 18:14:21","2019-10-08 13:48:09",NULL,NULL
9,1,"App\\Model\\Technology","Agriculture & Farming","agriculture-farming",449,"2018-03-12 18:14:21","2019-09-18 17:58:35",NULL,"hydroponics, organic"
10,2,"App\\Model\\Technology","AI & Machine Learning","ai-machine-learning",8878,"2018-03-12 18:14:21","2019-09-18 17:58:35",NULL,"AI, Machine learning, artificial intelligence, neural network, Tensor, TensorFlow, Keras, deep learning, DeepMind, DeepLens, SageMaker, training, predictive analytics, "
11,3,"App\\Model\\Technology","AR/VR","arvr",902,"2018-03-12 18:14:21","2019-09-18 17:58:35",NULL,"augmented reality, virtual reality, ar, vr, arKit, Magic Leap, Occulus"
12,4,"App\\Model\\Technology","Biotechnology","biotechnology",1277,"2018-03-12 18:14:21","2019-09-25 14:52:53",NULL,"DNA, CRISPR, blood, clone, AIDS, genome, gene, antibiotic, bacteria, biometrics, chromosome, medical, biopharma, neuroscience"
13,5,"App\\Model\\Technology","Blockchain","blockchain",1153,"2018-03-12 18:14:21","2019-09-25 14:52:53",NULL,"Ethereum, Bitcoin, Mining, Nvidia, crypto, SHA-256, cryptocurrency, block ciphers, cipher, fork, distributed ledger, fiat currency, ico, initial coin offering"
14,6,"App\\Model\\Technology","Community & Lifestyle","community-lifestyle",8931,"2018-03-12 18:14:21","2019-09-18 17:58:35",NULL,"sharing, commuting, transportation, public relations, social media, personal health, local, fitness, wellness, "
15,7,"App\\Model\\Technology","Content & Publishing","content-publishing",1820,"2018-03-12 18:14:21","2019-09-18 17:58:36",NULL,"web development, media, streaming, photography, entertainment, journalism"
16,8,"App\\Model\\Technology","Data & Analytics","data-analytics",1409,"2018-03-12 18:14:21","2019-09-24 14:47:21",NULL,"Visualization, GLM, Linear Regression, supervised learning, predictive, data lake, data warehouse, hadoop, mapreduce, Bayes, Bayesian, NLP, Natural Language processing, standard deviation, statistics"
17,9,"App\\Model\\Technology","Education","education",8960,"2018-03-12 18:14:21","2019-09-18 17:58:36",NULL,"edtech, classes, coursera, udemy, school, university, Higher Education, self-study, tutoring, online, "
18,10,"App\\Model\\Technology","Energy","energy",801,"2018-03-12 18:14:21","2019-09-25 14:52:53",NULL,"biofuels, DOE, EMF, EPA, greenhouse gas, grid, ITC, Megawatt, MW, kw, renewable, solar, thermal"
19,11,"App\\Model\\Technology","Financial Services","financial-services",8386,"2018-03-12 18:14:21","2019-10-08 13:48:09",NULL,"finance, insurance, fintech, non-profit, "
20,12,"App\\Model\\Technology","Food & Beverage","food-beverage",774,"2018-03-12 18:14:21","2019-09-18 17:58:36",NULL,"restaurant, food processing, organic, wine, spirits, beer, craft beer"
21,13,"App\\Model\\Technology","Government & Military","government-military",8098,"2018-03-12 18:14:21","2019-09-18 17:58:36",NULL,"logistics, defense, softwerx, socom, "
22,14,"App\\Model\\Technology","Hardware","hardware",994,"2018-03-12 18:14:21","2019-09-18 17:58:36",NULL,"Flash Storage, CPU, GPU, nm, intel, NVIDIA, AMD, FPGA, IOT, RFID, satellite, wearables, sensor, electric vehicle, drone, computer vision, foxconn"
23,15,"App\\Model\\Technology","Health Care","health-care",1940,"2018-03-12 18:14:21","2019-09-25 14:52:53",NULL,"patient, surgery, health trackers, EHR, medical, pharmaceutical, hospital"
24,16,"App\\Model\\Technology","Internet Services","internet-services",2036,"2018-03-12 18:14:21","2019-09-24 14:47:21",NULL,"e commerce, e-commerce, cloud, cloud computing, wireless, B2B"
25,17,"App\\Model\\Technology","IOT","iot",1274,"2018-03-12 18:14:21","2019-09-25 14:52:53",NULL,"wearables, internet of things, device, smart, raspberry pi, arduino"
26,18,"App\\Model\\Technology","Manufacturing","manufacturing",1105,"2018-03-12 18:14:21","2019-09-18 17:58:36",NULL,"aerospace, fabrication, assembly"
27,19,"App\\Model\\Technology","Media & Entertainment","media-entertainment",2158,"2018-03-12 18:14:21","2019-09-18 17:58:36",NULL,"broadcasting, video, streaming, social media, news, public relations, music, video games, broadcasting, movies, cgi"
28,20,"App\\Model\\Technology","Messaging & Telecommunications","messaging-telecommunications",710,"2018-03-12 18:14:21","2019-09-18 17:58:36",NULL,"telecom, net neutrality"
29,21,"App\\Model\\Technology","Mobile","mobile",1752,"2018-03-12 18:14:21","2019-09-18 17:58:36",NULL,"iPhone, android, iOS, blackberry, CDMA, LTE, 4g, 5G, GPS"
30,22,"App\\Model\\Technology","Navigation & Mapping","navigation-mapping",7866,"2018-03-12 18:14:21","2019-09-18 17:58:36",NULL,"GPS, geo-tagging, google maps, waze, "
31,23,"App\\Model\\Technology","Privacy & Security","privacy-security",1111,"2018-03-12 18:14:21","2019-09-18 17:58:36",NULL,"PGP, NIST, cyber, security, ACL, AES, CA, spyware, authentication, authorization, biometric, certificate, CMA, CA, comsec, CIRT, DoS, DMZ, Hack, phishing, RSA"
32,24,"App\\Model\\Technology","Professional Services","professional-services",1991,"2018-03-12 18:14:21","2019-10-08 13:48:09",NULL,"enterprise, management consulting, data center, outsourcing, legal, compliance, accounting"
33,25,"App\\Model\\Technology","Real Estate","real-estate",8855,"2018-03-12 18:14:21","2019-09-18 17:58:36",NULL,"building, land, residential, commercial real estate, construction, local, mortgage, loans, agent, broker, "
34,26,"App\\Model\\Technology","Retail","retail",8143,"2018-03-12 18:14:21","2019-09-23 17:59:12",NULL,"e-commerce, brick and mortar, amazon, "
35,27,"App\\Model\\Technology","Robotics & Drones","robotics-drones",788,"2018-03-12 18:14:21","2019-09-18 17:58:36",NULL,"geofencing, gopro, gyroscope, RC, actuator, CAD, servo"
36,28,"App\\Model\\Technology","Sales & Marketing","sales-marketing",2022,"2018-03-12 18:14:21","2019-09-18 17:58:36",NULL,"e-commerce, e commerce, marketplace, digital marketplace, SEM, Search Engine, lead generation, CRM"
37,29,"App\\Model\\Technology","Science & Engineering","science-engineering",8582,"2018-03-12 18:14:21","2019-09-25 14:52:53",NULL,"research, phd, publishing, citations, "
38,30,"App\\Model\\Technology","Software","software",3315,"2018-03-12 18:14:21","2019-09-24 14:47:22",NULL,"Java, C#, Swift, Python, Javascript, SaaS"
39,31,"App\\Model\\Technology","Sports","sports",8070,"2018-03-12 18:14:21","2019-09-18 17:58:36",NULL,"soccer, world cup, Super Bowl, stadium, athlete, marathon, "
40,32,"App\\Model\\Technology","Sustainability","sustainability",8261,"2018-03-12 18:14:21","2019-09-18 17:58:36",NULL,"clean, green, recycle, environment, energy, "
41,33,"App\\Model\\Technology","Travel & Tourism","travel-tourism",8215,"2018-03-12 18:14:21","2019-09-25 14:52:53",NULL,"travel, car sharing, uber, lyft, waymo, travel agency, "
42,1,"App\\Model\\Persona","Entrepreneur","entrepreneur",1894,"2018-03-12 18:14:21","2019-10-08 13:48:09",NULL,NULL
43,2,"App\\Model\\Persona","Investor","investor",468,"2018-03-12 18:14:21","2019-09-25 14:52:53",NULL,NULL
44,3,"App\\Model\\Persona","ESO","eso",284,"2018-03-12 18:14:21","2019-09-18 17:58:59",NULL,NULL
45,4,"App\\Model\\Persona","Innovation Enabler","innovation-enabler",656,"2018-03-12 18:14:21","2019-10-08 13:48:09",NULL,NULL
46,5,"App\\Model\\Persona","Talent","talent",1402,"2018-03-12 18:14:21","2019-10-03 17:53:47",NULL,NULL
47,6,"App\\Model\\Persona","Education","education",610,"2018-03-12 18:14:21","2019-09-23 19:30:27",NULL,NULL
48,7,"App\\Model\\Persona","Government","government",235,"2018-03-12 18:14:21","2019-09-18 17:58:36",NULL,NULL
49,8,"App\\Model\\Persona","Established Corporation","established-corporation",545,"2018-03-12 18:14:21","2019-09-18 17:58:36",NULL,NULL
50,34,"App\\Model\\Technology","AdTech","adtech",1065,"2018-03-27 13:43:03","2019-09-18 17:58:36",NULL,"advertising"
51,9,"App\\Model\\Location","Gainesville","gainesville",955,"2018-03-27 16:22:53","2019-10-08 13:48:09",NULL,NULL
55,35,"App\\Model\\Technology","Business - Finance","business-finance",8331,"2018-06-07 16:04:36","2019-10-08 13:48:09",NULL,"funding, VC, seed, capital, risk management, crowd funding, fraud, compliance, "
56,36,"App\\Model\\Technology","Business - Management","business-management",770,"2018-06-07 16:05:02","2019-10-08 13:48:09",NULL,NULL
57,37,"App\\Model\\Technology","Business - Operations","business-operations",1231,"2018-06-07 16:05:16","2019-10-08 13:48:09",NULL,"operations, recruiting, HR, sales, IT"
58,1,"App\\Model\\Skill","PHP","php",2,"2018-06-15 16:15:34","2018-07-20 14:54:35",NULL,NULL
59,2,"App\\Model\\Skill","Web Development","web-development",5,"2018-06-15 16:15:34","2019-07-22 14:11:04",NULL,NULL
60,3,"App\\Model\\Skill","Internet Marketing","internet-marketing",2,"2018-06-15 16:15:34","2018-10-16 00:35:27",NULL,NULL
61,4,"App\\Model\\Skill","JavaScript","javascript",2,"2018-06-15 16:15:34","2019-01-29 13:07:33",NULL,NULL
62,5,"App\\Model\\Skill","SEO","seo",3,"2018-06-15 16:15:34","2019-01-13 00:13:46",NULL,NULL
63,6,"App\\Model\\Skill","Unicode ðŸ˜‰","unicode",1,"2018-06-15 16:15:35","2018-06-15 16:15:37",NULL,NULL
64,7,"App\\Model\\Skill","Marketing","marketing",44,"2018-06-15 16:15:35","2019-08-23 14:58:04",NULL,NULL
65,8,"App\\Model\\Skill","Analytics","analytics",2,"2018-06-15 16:15:35","2019-01-03 00:13:46",NULL,NULL
66,9,"App\\Model\\Skill","SEM","sem",1,"2018-06-15 16:15:35","2018-06-15 16:15:37",NULL,NULL
67,10,"App\\Model\\Skill","Product Management","product-management",4,"2018-06-15 16:15:35","2018-12-22 23:57:30",NULL,NULL
68,11,"App\\Model\\Skill","Machine Learning","machine-learning",5,"2018-06-19 20:08:38","2019-08-13 08:55:48",NULL,NULL
69,12,"App\\Model\\Skill","Neural Networks","neural-networks",2,"2018-06-26 00:33:02","2018-07-25 20:54:59",NULL,NULL
70,13,"App\\Model\\Skill","Agile Project Management","agile-project-management",3,"2018-06-26 00:33:02","2018-09-19 12:59:51",NULL,NULL
71,14,"App\\Model\\Skill","Forecasting","forecasting",3,"2018-07-01 19:22:08","2018-12-20 14:54:13",NULL,NULL
72,15,"App\\Model\\Skill","Budgeting","budgeting",1,"2018-07-01 19:22:08","2018-07-01 19:22:10",NULL,NULL
73,16,"App\\Model\\Skill","Capital Planning","capital-planning",1,"2018-07-01 19:22:08","2018-07-01 19:22:10",NULL,NULL
74,17,"App\\Model\\Skill","Business Case Review","business-case-review",2,"2018-07-01 19:22:08","2019-01-13 00:13:46",NULL,NULL
75,18,"App\\Model\\Skill","Modeling","modeling",1,"2018-07-01 19:22:08","2018-07-01 19:22:10",NULL,NULL
76,19,"App\\Model\\Skill","Analysis","analysis",1,"2018-07-01 19:22:08","2018-07-01 19:22:10",NULL,NULL
77,20,"App\\Model\\Skill","Business Partnering","business-partnering",1,"2018-07-01 19:22:08","2018-07-01 19:22:10",NULL,NULL
78,21,"App\\Model\\Skill","Communication","communication",2,"2018-07-01 19:22:08","2019-01-29 13:04:28",NULL,NULL
79,22,"App\\Model\\Skill","Presentations","presentations",2,"2018-07-01 19:22:08","2019-01-03 00:13:46",NULL,NULL
80,23,"App\\Model\\Skill","ERP","erp",1,"2018-07-01 19:22:08","2018-07-01 19:22:10",NULL,NULL
81,24,"App\\Model\\Skill","Reporting","reporting",2,"2018-07-01 19:22:08","2019-01-03 00:13:46",NULL,NULL
82,25,"App\\Model\\Skill","Accounting","accounting",1,"2018-07-01 19:22:08","2018-07-01 19:22:10",NULL,NULL
83,26,"App\\Model\\Skill","Mentoring","mentoring",2,"2018-07-01 19:22:08","2018-09-04 20:50:27",NULL,NULL
84,27,"App\\Model\\Skill","Leadership","leadership",7,"2018-07-01 19:22:08","2019-09-25 14:52:53",NULL,NULL
85,28,"App\\Model\\Skill","Program management","program-management",3,"2018-07-13 21:50:27","2018-08-17 20:39:34",NULL,NULL
86,29,"App\\Model\\Skill","Government","government",1,"2018-07-13 21:50:27","2018-07-13 21:50:28",NULL,NULL
87,30,"App\\Model\\Skill","Software Development","software-development",3,"2018-07-20 14:54:32","2018-12-22 23:57:30",NULL,NULL
88,31,"App\\Model\\Skill","Bilingual (Italian and English)","bilingual-italian-and-english",2,"2018-07-20 14:54:32","2018-09-28 20:35:42",NULL,NULL
89,32,"App\\Model\\Skill","Linux Administration","linux-administration",2,"2018-07-20 14:54:32","2019-01-29 13:07:33",NULL,NULL
90,33,"App\\Model\\Skill","Networking","networking",1,"2018-07-20 14:54:32","2018-07-20 14:54:35",NULL,NULL
91,34,"App\\Model\\Skill","Python","python",3,"2018-07-20 14:54:32","2018-12-04 13:37:09",NULL,NULL
92,35,"App\\Model\\Skill","Linux +","linux",1,"2018-07-20 14:56:14","2018-07-20 14:56:17",NULL,NULL
93,36,"App\\Model\\Skill","LPIC-1","lpic-1",1,"2018-07-20 14:56:14","2018-07-20 14:56:17",NULL,NULL
94,37,"App\\Model\\Skill","GIS","gis",1,"2018-07-25 20:54:57","2018-07-25 20:54:59",NULL,NULL
95,38,"App\\Model\\Skill","Mapping","mapping",1,"2018-07-25 20:54:57","2018-07-25 20:54:59",NULL,NULL
96,39,"App\\Model\\Skill","Drone","drone",3,"2018-07-25 20:54:57","2018-12-03 01:24:19",NULL,NULL
97,40,"App\\Model\\Skill","PIlot","pilot",1,"2018-07-25 20:54:57","2018-07-25 20:54:59",NULL,NULL
98,41,"App\\Model\\Skill","Entrepreneur","entrepreneur",2,"2018-07-25 20:54:57","2018-12-03 01:24:19",NULL,NULL
99,42,"App\\Model\\Skill","SQL","sql",2,"2018-07-25 20:54:57","2018-10-26 15:28:55",NULL,NULL
100,43,"App\\Model\\Skill","HTML","html",1,"2018-07-25 20:54:57","2018-07-25 20:54:59",NULL,NULL
101,44,"App\\Model\\Skill","CSS","css",1,"2018-07-25 20:54:57","2018-07-25 20:54:59",NULL,NULL
102,45,"App\\Model\\Skill","Business Development","business-development",6,"2018-07-25 20:54:57","2019-01-29 13:04:28",NULL,NULL
103,46,"App\\Model\\Skill","App Development","app-development",1,"2018-07-25 20:54:57","2018-07-25 20:55:00",NULL,NULL
104,47,"App\\Model\\Skill","Imagery","imagery",1,"2018-07-25 20:54:57","2018-07-25 20:55:00",NULL,NULL
105,48,"App\\Model\\Skill","Aerial Imagery","aerial-imagery",1,"2018-07-25 20:54:57","2018-07-25 20:55:00",NULL,NULL
106,49,"App\\Model\\Skill","Intelligence Analysis","intelligence-analysis",1,"2018-07-25 20:54:57","2018-07-25 20:55:00",NULL,NULL
107,50,"App\\Model\\Skill","Imagery Analysis","imagery-analysis",1,"2018-07-25 20:54:57","2018-07-25 20:55:00",NULL,NULL
108,51,"App\\Model\\Skill","Data Science","data-science",3,"2018-07-25 20:54:58","2019-07-16 14:37:03",NULL,NULL
109,52,"App\\Model\\Skill","Databses","databses",1,"2018-07-25 20:54:58","2018-07-25 20:55:00",NULL,NULL
110,53,"App\\Model\\Skill","PostgreSQL","postgresql",1,"2018-07-25 20:54:58","2018-07-25 20:55:00",NULL,NULL
111,54,"App\\Model\\Skill","MySQL","mysql",1,"2018-07-25 20:54:58","2018-07-25 20:55:00",NULL,NULL
112,55,"App\\Model\\Skill","ArcGIS","arcgis",1,"2018-07-25 20:54:58","2018-07-25 20:55:00",NULL,NULL
113,56,"App\\Model\\Skill","QGIS","qgis",1,"2018-07-25 20:54:58","2018-07-25 20:55:00",NULL,NULL
114,57,"App\\Model\\Skill","Sales","sales",6,"2018-08-17 20:39:33","2019-01-13 00:13:46",NULL,NULL
115,58,"App\\Model\\Skill","Business Strategy","business-strategy",5,"2018-08-17 20:39:34","2019-04-01 18:11:56",NULL,NULL
116,59,"App\\Model\\Skill","Talent Development","talent-development",1,"2018-08-17 20:42:30","2018-08-17 20:42:31",NULL,NULL
117,60,"App\\Model\\Skill","Team Building","team-building",1,"2018-08-17 20:42:30","2018-08-17 20:42:31",NULL,NULL
118,61,"App\\Model\\Skill","Skilled at seeing through the bullshit many people offer","skilled-at-seeing-through-the-bullshit-many-people-offer",1,"2018-09-04 20:50:24","2018-09-04 20:50:27",NULL,NULL
119,62,"App\\Model\\Skill","visionary","visionary",1,"2018-09-04 20:50:24","2018-09-04 20:50:27",NULL,NULL
120,63,"App\\Model\\Skill","contract negotiations","contract-negotiations",1,"2018-09-04 20:50:24","2018-09-04 20:50:27",NULL,NULL
121,64,"App\\Model\\Skill","effective communication","effective-communication",1,"2018-09-04 20:50:24","2018-09-04 20:50:27",NULL,NULL
122,65,"App\\Model\\Skill","Fluent Spanish","fluent-spanish",1,"2018-09-04 20:50:24","2018-09-04 20:50:27",NULL,NULL
123,66,"App\\Model\\Skill","advertising","advertising",1,"2018-09-04 20:50:24","2018-09-04 20:50:27",NULL,NULL
124,67,"App\\Model\\Skill","natural born leader","natural-born-leader",1,"2018-09-04 20:50:24","2018-09-04 20:50:27",NULL,NULL
125,68,"App\\Model\\Skill","Venture Capital","venture-capital",1,"2018-09-14 17:32:12","2018-09-14 17:32:14",NULL,NULL
126,69,"App\\Model\\Skill","Blockchain","blockchain",3,"2018-09-14 17:32:12","2019-04-29 16:32:03",NULL,NULL
127,70,"App\\Model\\Skill","DLT","dlt",2,"2018-09-14 17:32:12","2018-12-13 14:45:27",NULL,NULL
128,71,"App\\Model\\Skill","Internet of Things","internet-of-things",1,"2018-09-14 17:32:12","2018-09-14 17:32:14",NULL,NULL
129,72,"App\\Model\\Skill","IP Video","ip-video",1,"2018-09-14 17:32:12","2018-09-14 17:32:14",NULL,NULL
130,73,"App\\Model\\Skill","Digital Transformation","digital-transformation",1,"2018-09-14 17:33:54","2018-09-14 17:33:56",NULL,NULL
131,74,"App\\Model\\Skill","Cyber Security","cyber-security",3,"2018-09-14 17:33:54","2019-01-24 14:17:15",NULL,NULL
132,75,"App\\Model\\Skill","Smart Buildings","smart-buildings",1,"2018-09-14 17:33:54","2018-09-14 17:33:56",NULL,NULL
133,76,"App\\Model\\Skill","Smart Cities","smart-cities",1,"2018-09-14 17:33:54","2018-09-14 17:33:56",NULL,NULL
134,77,"App\\Model\\Skill","Mobility","mobility",1,"2018-09-14 17:33:54","2018-09-14 17:33:56",NULL,NULL
135,78,"App\\Model\\Skill","AI","ai",3,"2018-09-14 17:33:54","2019-03-05 17:05:19",NULL,NULL
136,79,"App\\Model\\Skill","Medtech","medtech",3,"2018-09-14 17:33:54","2019-02-20 00:02:59",NULL,NULL
137,80,"App\\Model\\Skill","SaaS","saas",1,"2018-09-14 17:33:54","2018-09-14 17:33:56",NULL,NULL
138,81,"App\\Model\\Skill","Cloud Platforms","cloud-platforms",1,"2018-09-14 17:33:54","2018-09-14 17:33:56",NULL,NULL
139,82,"App\\Model\\Skill","IoT","iot",1,"2018-09-26 10:44:42","2018-09-28 20:35:22",NULL,NULL
140,83,"App\\Model\\Skill","Supply Chain Management","supply-chain-management",1,"2018-09-26 10:44:42","2018-09-28 20:35:23",NULL,NULL
141,84,"App\\Model\\Skill","Infrastructure design","infrastructure-design",1,"2018-09-26 16:40:15","2018-09-28 20:35:42",NULL,NULL
142,85,"App\\Model\\Skill","Systems Analyst","systems-analyst",1,"2018-09-26 16:40:15","2018-09-28 20:35:42",NULL,NULL
143,86,"App\\Model\\Skill","IT","it",1,"2018-09-26 16:40:15","2018-09-28 20:35:42",NULL,NULL
144,87,"App\\Model\\Skill","teamwork","teamwork",1,"2018-09-26 16:40:15","2018-09-28 20:35:42",NULL,NULL
145,88,"App\\Model\\Skill","Social Media","social-media",8,"2018-10-16 00:35:27","2019-08-23 14:58:04",NULL,NULL
146,89,"App\\Model\\Skill","Social Media Marketing","social-media-marketing",4,"2018-10-16 00:35:27","2019-08-23 14:58:04",NULL,NULL
147,90,"App\\Model\\Skill","Digital Marketing","digital-marketing",13,"2018-10-16 00:35:27","2019-08-23 14:58:04",NULL,NULL
148,91,"App\\Model\\Skill","Email Marketing","email-marketing",1,"2018-10-16 00:35:27","2018-10-16 00:35:27",NULL,NULL
149,92,"App\\Model\\Skill","Social Networking","social-networking",1,"2018-10-16 00:35:27","2018-10-16 00:35:27",NULL,NULL
150,93,"App\\Model\\Skill","Copywriting","copywriting",2,"2018-10-16 00:35:27","2018-10-26 15:28:55",NULL,NULL
151,94,"App\\Model\\Skill","Public Relations","public-relations",2,"2018-10-16 00:35:27","2019-01-16 19:38:01",NULL,NULL
152,95,"App\\Model\\Skill","Digital Media","digital-media",5,"2018-10-16 00:35:27","2019-07-22 14:11:04",NULL,NULL
153,96,"App\\Model\\Skill","Writing","writing",3,"2018-10-16 00:35:27","2019-09-16 18:00:26",NULL,NULL
154,97,"App\\Model\\Skill","Blogging","blogging",2,"2018-10-16 00:35:27","2019-01-13 00:13:46",NULL,NULL
155,98,"App\\Model\\Skill","Web Design","web-design",4,"2018-10-16 00:38:09","2019-01-29 13:04:28",NULL,NULL
156,99,"App\\Model\\Skill","Marketing Strategy","marketing-strategy",6,"2018-10-16 00:38:09","2019-08-23 14:58:04",NULL,NULL
157,100,"App\\Model\\Skill","Excel","excel",1,"2018-10-26 15:28:53","2018-10-26 15:28:55",NULL,NULL
158,101,"App\\Model\\Skill","Data Analysis","data-analysis",2,"2018-10-26 15:28:53","2019-01-13 00:13:46",NULL,NULL
159,102,"App\\Model\\Skill","Public Speaking","public-speaking",3,"2018-10-26 15:28:53","2019-09-18 18:56:48",NULL,NULL
160,103,"App\\Model\\Skill","Beginner Python","beginner-python",0,"2018-10-26 15:28:53","2018-12-04 13:37:09",NULL,NULL
161,104,"App\\Model\\Skill","CompTia A+","comptia-a",1,"2018-10-26 15:28:53","2018-10-26 15:28:55",NULL,NULL
162,105,"App\\Model\\Skill","Mobile App Development","mobile-app-development",1,"2018-10-30 15:42:19","2018-10-30 15:42:20",NULL,NULL
163,106,"App\\Model\\Skill","Drones","drones",2,"2018-10-30 15:42:19","2019-01-29 13:07:33",NULL,NULL
164,107,"App\\Model\\Skill","AR","ar",1,"2018-10-30 15:42:19","2018-10-30 15:42:20",NULL,NULL
165,108,"App\\Model\\Skill","financial modeling","financial-modeling",3,"2018-10-31 01:01:45","2018-12-20 15:07:55",NULL,NULL
166,109,"App\\Model\\Skill","inventions","inventions",1,"2018-10-31 01:01:45","2018-10-31 01:01:47",NULL,NULL
167,110,"App\\Model\\Skill","transformation","transformation",1,"2018-10-31 01:01:45","2018-10-31 01:01:47",NULL,NULL
168,111,"App\\Model\\Skill","disruption","disruption",1,"2018-10-31 01:01:45","2018-10-31 01:01:47",NULL,NULL
169,112,"App\\Model\\Skill","financial engineering","financial-engineering",1,"2018-10-31 01:01:45","2018-10-31 01:01:47",NULL,NULL
170,113,"App\\Model\\Skill","flowers","flowers",1,"2018-10-31 01:01:45","2018-10-31 01:01:47",NULL,NULL
171,114,"App\\Model\\Skill","design patents","design-patents",1,"2018-10-31 01:01:45","2018-10-31 01:01:47",NULL,NULL
172,115,"App\\Model\\Skill","utility patents","utility-patents",1,"2018-10-31 01:01:45","2018-10-31 01:01:47",NULL,NULL
173,116,"App\\Model\\Skill","The St. Petersburg Area Economic Development Corporation's (EDC) mission is to enhance the community's economic prosperity through marketing","the-st-petersburg-area-economic-development-corporations-edc-mission-is-to-enhance-the-communitys-economic-prosperity-through-marketing",NULL,"2018-11-01 14:55:47","2018-11-01 14:55:47",NULL,NULL
174,117,"App\\Model\\Skill"," activation","activation",NULL,"2018-11-01 14:55:47","2018-11-01 14:55:47",NULL,NULL
175,118,"App\\Model\\Skill","Product/Machine Design & Development Patent Technology Expertise with aluminum","productmachine-design-development-patent-technology-expertise-with-aluminum",NULL,"2018-11-07 14:08:05","2018-11-07 14:08:05",NULL,NULL
176,119,"App\\Model\\Skill"," magnesium","magnesium",NULL,"2018-11-07 14:08:05","2018-11-07 14:08:05",NULL,NULL
177,120,"App\\Model\\Skill"," steel","steel",NULL,"2018-11-07 14:08:05","2018-11-07 14:08:05",NULL,NULL
178,121,"App\\Model\\Skill"," plastic and carbon fiber materials Process Standardization & Optimization Product Validation Proprietary & Packaging Design Stamping","plastic-and-carbon-fiber-materials-process-standardization-optimization-product-validation-proprietary-packaging-design-stamping",NULL,"2018-11-07 14:08:05","2018-11-07 14:08:05",NULL,NULL
179,122,"App\\Model\\Skill","startups","startups",1,"2018-11-29 18:45:28","2018-11-29 18:45:29",NULL,NULL
180,123,"App\\Model\\Skill","tech","tech",1,"2018-11-29 18:45:28","2018-11-29 18:45:29",NULL,NULL
181,124,"App\\Model\\Skill","hr","hr",1,"2018-11-29 18:45:28","2018-11-29 18:45:29",NULL,NULL
182,125,"App\\Model\\Skill","management information systems","management-information-systems",3,"2018-11-29 18:45:28","2019-07-16 14:31:24",NULL,NULL
183,126,"App\\Model\\Skill","Contract negotiation","contract-negotiation",1,"2018-11-30 15:40:09","2018-11-30 15:40:11",NULL,NULL
184,127,"App\\Model\\Skill","commercial real estate brokerage","commercial-real-estate-brokerage",1,"2018-11-30 15:40:09","2018-11-30 15:40:11",NULL,NULL
185,128,"App\\Model\\Skill","site selection","site-selection",1,"2018-11-30 15:40:09","2018-11-30 15:40:11",NULL,NULL
186,129,"App\\Model\\Skill","finding office space for growth companies and startups","finding-office-space-for-growth-companies-and-startups",1,"2018-11-30 15:40:09","2018-11-30 15:40:11",NULL,NULL
187,130,"App\\Model\\Skill","RStudio","rstudio",1,"2018-12-04 13:37:07","2018-12-04 13:37:09",NULL,NULL
188,131,"App\\Model\\Skill","Finance","finance",2,"2018-12-20 14:54:12","2019-01-29 13:04:28",NULL,NULL
189,132,"App\\Model\\Skill","process improvement","process-improvement",1,"2018-12-20 14:54:12","2018-12-20 14:54:13",NULL,NULL
190,133,"App\\Model\\Skill","six sigma","six-sigma",1,"2018-12-20 14:54:12","2018-12-20 14:54:13",NULL,NULL
191,134,"App\\Model\\Skill","sourcing","sourcing",1,"2018-12-20 14:54:12","2018-12-20 14:54:13",NULL,NULL
192,135,"App\\Model\\Skill","procurement","procurement",1,"2018-12-20 14:54:12","2018-12-20 14:54:13",NULL,NULL
193,136,"App\\Model\\Skill","Travel","travel",1,"2018-12-20 15:07:54","2018-12-20 15:07:55",NULL,NULL
194,137,"App\\Model\\Skill","Due Diligence","due-diligence",1,"2018-12-20 15:07:54","2018-12-20 15:07:55",NULL,NULL
195,138,"App\\Model\\Skill","M&A","ma",1,"2018-12-20 15:07:54","2018-12-20 15:07:55",NULL,NULL
196,139,"App\\Model\\Skill","Financial Statements","financial-statements",2,"2018-12-20 15:07:54","2019-01-13 00:13:46",NULL,NULL
197,140,"App\\Model\\Skill","Problem Solving","problem-solving",1,"2019-01-01 18:29:16","2019-01-01 18:29:18",NULL,NULL
198,141,"App\\Model\\Skill","Servant Leadership","servant-leadership",1,"2019-01-01 18:29:16","2019-01-01 18:29:18",NULL,NULL
199,142,"App\\Model\\Skill","Innovation","innovation",57,"2019-01-01 18:29:16","2019-09-18 18:56:48",NULL,NULL
200,143,"App\\Model\\Skill","Active Listening","active-listening",1,"2019-01-01 18:29:16","2019-01-01 18:29:18",NULL,NULL
201,144,"App\\Model\\Skill","Operations Leadership","operations-leadership",1,"2019-01-01 21:45:30","2019-01-01 21:45:31",NULL,NULL
202,145,"App\\Model\\Skill","Business startup and launch","business-startup-and-launch",2,"2019-01-01 21:45:30","2019-01-13 00:13:46",NULL,NULL
203,146,"App\\Model\\Skill","Strategic Business Alliances","strategic-business-alliances",2,"2019-01-01 21:45:30","2019-08-23 14:58:04",NULL,NULL
204,147,"App\\Model\\Skill","Multi-Cultural Team Leadership","multi-cultural-team-leadership",2,"2019-01-01 21:45:30","2019-01-29 13:07:33",NULL,NULL
205,148,"App\\Model\\Skill","Channel Development and Managemeent","channel-development-and-managemeent",1,"2019-01-01 21:45:30","2019-01-01 21:45:31",NULL,NULL
206,149,"App\\Model\\Skill","International Market Expansion","international-market-expansion",1,"2019-01-01 21:45:30","2019-01-01 21:45:31",NULL,NULL
207,150,"App\\Model\\Skill","P&L / Budgeting / Cost Control","pl-budgeting-cost-control",1,"2019-01-01 21:45:30","2019-01-01 21:45:31",NULL,NULL
208,151,"App\\Model\\Skill","Solving Problems","solving-problems",1,"2019-01-01 21:45:30","2019-01-01 21:45:31",NULL,NULL
209,152,"App\\Model\\Skill","Cross Functional Relationships","cross-functional-relationships",1,"2019-01-03 00:13:44","2019-01-03 00:13:46",NULL,NULL
210,153,"App\\Model\\Skill","Cross Functional Communications","cross-functional-communications",1,"2019-01-03 00:13:44","2019-01-03 00:13:46",NULL,NULL
211,154,"App\\Model\\Skill","retail","retail",2,"2019-01-04 22:47:48","2019-04-29 16:32:03",NULL,NULL
212,155,"App\\Model\\Skill","Branding","branding",2,"2019-01-04 22:47:48","2019-01-29 13:04:28",NULL,NULL
213,156,"App\\Model\\Skill","Brand Development","brand-development",2,"2019-01-04 22:47:48","2019-01-29 13:04:28",NULL,NULL
214,157,"App\\Model\\Skill","Market Research","market-research",2,"2019-01-04 22:47:48","2019-01-07 11:59:37",NULL,NULL
215,158,"App\\Model\\Skill","Brand Positioning","brand-positioning",1,"2019-01-04 22:47:48","2019-01-04 22:47:50",NULL,NULL
216,159,"App\\Model\\Skill","Market Analysis & Overviews","market-analysis-overviews",1,"2019-01-07 11:59:36","2019-01-07 11:59:37",NULL,NULL
217,160,"App\\Model\\Skill","23 year law enforcement professional","23-year-law-enforcement-professional",1,"2019-01-07 17:51:59","2019-01-07 17:52:00",NULL,NULL
218,161,"App\\Model\\Skill","Founder of STAC Systems LLC","founder-of-stac-systems-llc",1,"2019-01-07 17:51:59","2019-01-07 17:52:00",NULL,NULL
219,162,"App\\Model\\Skill","ICS Practionitioner","ics-practionitioner",1,"2019-01-07 17:51:59","2019-01-07 17:52:00",NULL,NULL
220,163,"App\\Model\\Skill","entrepreneurship","entrepreneurship",1,"2019-01-10 22:44:20","2019-01-10 22:44:22",NULL,NULL
221,164,"App\\Model\\Skill","business model","business-model",1,"2019-01-10 22:44:20","2019-01-10 22:44:22",NULL,NULL
222,165,"App\\Model\\Skill","capacitor","capacitor",1,"2019-01-10 22:44:20","2019-01-10 22:44:23",NULL,NULL
223,166,"App\\Model\\Skill","energy storage","energy-storage",1,"2019-01-10 22:44:20","2019-01-10 22:44:23",NULL,NULL
224,167,"App\\Model\\Skill","engineering","engineering",1,"2019-01-10 22:44:20","2019-01-10 22:44:23",NULL,NULL
225,168,"App\\Model\\Skill","product development","product-development",2,"2019-01-10 22:44:20","2019-01-29 13:04:28",NULL,NULL
226,169,"App\\Model\\Skill","E-Commerce","e-commerce",1,"2019-01-13 00:13:43","2019-01-13 00:13:46",NULL,NULL
227,170,"App\\Model\\Skill","PPC","ppc",1,"2019-01-13 00:13:43","2019-01-13 00:13:46",NULL,NULL
228,171,"App\\Model\\Skill","Amazon","amazon",1,"2019-01-13 00:13:43","2019-01-13 00:13:46",NULL,NULL
229,172,"App\\Model\\Skill","Business Planning","business-planning",1,"2019-01-13 00:13:43","2019-01-13 00:13:46",NULL,NULL
230,173,"App\\Model\\Skill","Business Model Canvas","business-model-canvas",1,"2019-01-13 00:13:43","2019-01-13 00:13:46",NULL,NULL
231,174,"App\\Model\\Skill","Business Startegy","business-startegy",1,"2019-01-13 00:13:43","2019-01-13 00:13:46",NULL,NULL
232,175,"App\\Model\\Skill","New Product Development","new-product-development",1,"2019-01-13 00:13:43","2019-01-13 00:13:47",NULL,NULL
233,176,"App\\Model\\Skill","Consulting","consulting",1,"2019-01-13 00:13:43","2019-01-13 00:13:47",NULL,NULL
234,177,"App\\Model\\Skill","Wordpress","wordpress",1,"2019-01-13 00:13:43","2019-01-13 00:13:47",NULL,NULL
235,178,"App\\Model\\Skill","Teaching","teaching",2,"2019-01-13 00:13:43","2019-09-16 18:00:26",NULL,NULL
236,179,"App\\Model\\Skill","Content Creation","content-creation",3,"2019-01-13 00:13:43","2019-05-01 00:42:13",NULL,NULL
237,180,"App\\Model\\Skill","Git","git",1,"2019-01-29 13:07:33","2019-01-29 13:07:33",NULL,NULL
238,181,"App\\Model\\Skill","Bash","bash",1,"2019-01-29 13:07:33","2019-01-29 13:07:33",NULL,NULL
239,182,"App\\Model\\Skill","React JS","react-js",1,"2019-01-29 13:07:33","2019-01-29 13:07:33",NULL,NULL
240,183,"App\\Model\\Skill","Node.js","nodejs",1,"2019-01-29 13:07:33","2019-01-29 13:07:33",NULL,NULL
241,184,"App\\Model\\Skill","Self Motivated","self-motivated",1,"2019-01-29 13:07:33","2019-01-29 13:07:33",NULL,NULL
242,185,"App\\Model\\Skill","Solo(k) Plan","solok-plan",1,"2019-01-30 13:31:27","2019-01-30 13:31:28",NULL,NULL
243,186,"App\\Model\\Skill","401(k) Plan","401k-plan",1,"2019-01-30 13:31:27","2019-01-30 13:31:28",NULL,NULL
244,187,"App\\Model\\Skill","Profit Sharing Plan","profit-sharing-plan",1,"2019-01-30 13:31:27","2019-01-30 13:31:28",NULL,NULL
245,188,"App\\Model\\Skill","Cash Balance Plan","cash-balance-plan",1,"2019-01-30 13:31:27","2019-01-30 13:31:28",NULL,NULL
246,189,"App\\Model\\Skill","Tax-Free Income Plan","tax-free-income-plan",1,"2019-01-30 13:31:27","2019-01-30 13:31:28",NULL,NULL
247,190,"App\\Model\\Skill","R&D Tax Credits","rd-tax-credits",1,"2019-01-30 13:31:27","2019-01-30 13:31:28",NULL,NULL
248,191,"App\\Model\\Skill","Cost Segregation Tax Credits","cost-segregation-tax-credits",1,"2019-01-30 13:31:27","2019-01-30 13:31:28",NULL,NULL
249,192,"App\\Model\\Skill","Smart Estate Planning","smart-estate-planning",1,"2019-01-30 13:31:27","2019-01-30 13:31:28",NULL,NULL
250,193,"App\\Model\\Skill","medical device","medical-device",1,"2019-02-12 11:27:31","2019-02-12 11:27:33",NULL,NULL
251,194,"App\\Model\\Skill","regulatory affairs","regulatory-affairs",1,"2019-02-12 11:27:31","2019-02-12 11:27:33",NULL,NULL
252,195,"App\\Model\\Skill","FDA","fda",1,"2019-02-12 11:27:31","2019-02-12 11:27:33",NULL,NULL
253,196,"App\\Model\\Skill","Quality Management System","quality-management-system",1,"2019-02-12 11:27:31","2019-02-12 11:27:33",NULL,NULL
254,197,"App\\Model\\Skill","ISO 13485","iso-13485",1,"2019-02-12 11:27:32","2019-02-12 11:27:33",NULL,NULL
255,198,"App\\Model\\Skill","EU MDD","eu-mdd",1,"2019-02-12 11:27:32","2019-02-12 11:27:33",NULL,NULL
256,199,"App\\Model\\Skill","CER","cer",1,"2019-02-12 11:27:32","2019-02-12 11:27:33",NULL,NULL
257,200,"App\\Model\\Skill","510(k)","510k",1,"2019-02-12 11:27:32","2019-02-12 11:27:33",NULL,NULL
258,201,"App\\Model\\Skill","21 CFR 820","21-cfr-820",1,"2019-02-12 11:27:32","2019-02-12 11:27:33",NULL,NULL
259,202,"App\\Model\\Skill","Latin America","latin-america",1,"2019-02-12 11:27:32","2019-02-12 11:27:33",NULL,NULL
260,203,"App\\Model\\Skill","Portuguese","portuguese",1,"2019-02-12 11:27:32","2019-02-12 11:27:33",NULL,NULL
261,204,"App\\Model\\Skill","Spanish","spanish",1,"2019-02-12 11:27:32","2019-02-12 11:27:33",NULL,NULL
262,205,"App\\Model\\Skill","EU MDR","eu-mdr",1,"2019-02-20 00:02:56","2019-02-20 00:02:59",NULL,NULL
263,206,"App\\Model\\Skill","CE Marking","ce-marking",1,"2019-02-20 00:02:56","2019-02-20 00:02:59",NULL,NULL
264,207,"App\\Model\\Skill","meddevice","meddevice",1,"2019-02-20 00:02:56","2019-02-20 00:02:59",NULL,NULL
265,208,"App\\Model\\Skill","medical technology","medical-technology",1,"2019-02-20 00:02:56","2019-02-20 00:02:59",NULL,NULL
266,209,"App\\Model\\Skill","augmented reality","augmented-reality",1,"2019-03-05 17:05:18","2019-03-05 17:05:19",NULL,NULL
267,210,"App\\Model\\Skill","virtual reality","virtual-reality",1,"2019-03-05 17:05:18","2019-03-05 17:05:19",NULL,NULL
268,211,"App\\Model\\Skill","mixed reality","mixed-reality",1,"2019-03-05 17:05:18","2019-03-05 17:05:19",NULL,NULL
269,212,"App\\Model\\Skill","spatial computing","spatial-computing",1,"2019-03-05 17:05:18","2019-03-05 17:05:19",NULL,NULL
270,213,"App\\Model\\Skill","oculus","oculus",1,"2019-03-05 17:05:18","2019-03-05 17:05:19",NULL,NULL
271,214,"App\\Model\\Skill","hololens","hololens",1,"2019-03-05 17:05:18","2019-03-05 17:05:19",NULL,NULL
272,215,"App\\Model\\Skill","apple","apple",1,"2019-03-05 17:05:18","2019-03-05 17:05:19",NULL,NULL
273,216,"App\\Model\\Skill","arkit","arkit",1,"2019-03-05 17:05:18","2019-03-05 17:05:19",NULL,NULL
274,217,"App\\Model\\Skill","arcore","arcore",1,"2019-03-05 17:05:18","2019-03-05 17:05:19",NULL,NULL
275,218,"App\\Model\\Skill","Collaborating","collaborating",1,"2019-03-19 21:39:42","2019-03-19 21:39:43",NULL,NULL
276,219,"App\\Model\\Skill","Inventing","inventing",1,"2019-03-19 21:39:42","2019-03-19 21:39:43",NULL,NULL
277,220,"App\\Model\\Skill","connecting","connecting",1,"2019-03-19 21:39:42","2019-03-19 21:39:43",NULL,NULL
278,221,"App\\Model\\Skill","creating","creating",1,"2019-03-19 21:39:42","2019-03-19 21:39:43",NULL,NULL
279,222,"App\\Model\\Skill","growth hacker","growth-hacker",1,"2019-03-19 21:39:42","2019-03-19 21:39:43",NULL,NULL
280,223,"App\\Model\\Skill","joint venture partner","joint-venture-partner",1,"2019-03-19 21:39:42","2019-03-19 21:39:43",NULL,NULL
281,224,"App\\Model\\Skill","affiliate partner","affiliate-partner",1,"2019-03-19 21:39:42","2019-03-19 21:39:43",NULL,NULL
282,225,"App\\Model\\Skill","Cryptocurrency","cryptocurrency",1,"2019-04-29 16:32:02","2019-04-29 16:32:03",NULL,NULL
283,226,"App\\Model\\Skill","Payments","payments",1,"2019-04-29 16:32:02","2019-04-29 16:32:03",NULL,NULL
284,227,"App\\Model\\Skill","Commerce","commerce",1,"2019-04-29 16:32:02","2019-04-29 16:32:03",NULL,NULL
285,228,"App\\Model\\Skill","Mobile Apps","mobile-apps",1,"2019-04-29 16:32:02","2019-04-29 16:32:03",NULL,NULL
286,229,"App\\Model\\Skill","Trade","trade",1,"2019-04-29 16:32:02","2019-04-29 16:32:03",NULL,NULL
287,230,"App\\Model\\Skill","Corporate Trade","corporate-trade",1,"2019-04-29 16:32:02","2019-04-29 16:32:03",NULL,NULL
288,231,"App\\Model\\Skill","Barter","barter",1,"2019-04-29 16:32:02","2019-04-29 16:32:03",NULL,NULL
289,232,"App\\Model\\Skill","Alternative Capital","alternative-capital",1,"2019-04-29 16:32:02","2019-04-29 16:32:03",NULL,NULL
290,233,"App\\Model\\Skill","Bilingual Spanish/English","bilingual-spanishenglish",1,"2019-05-01 00:42:11","2019-05-01 00:42:13",NULL,NULL
291,234,"App\\Model\\Skill","Consumer Engagement","consumer-engagement",1,"2019-05-01 19:42:11","2019-05-01 19:42:12",NULL,NULL
292,235,"App\\Model\\Skill","Consumer Journeys","consumer-journeys",1,"2019-05-01 19:42:11","2019-05-01 19:42:12",NULL,NULL
293,236,"App\\Model\\Skill","CRM","crm",2,"2019-05-01 19:42:11","2019-08-23 14:58:04",NULL,NULL
294,237,"App\\Model\\Skill","social CRM","social-crm",2,"2019-05-01 19:42:11","2019-08-23 14:58:04",NULL,NULL
295,238,"App\\Model\\Skill","Omnichannel marketing","omnichannel-marketing",1,"2019-05-01 19:42:11","2019-05-01 19:42:12",NULL,NULL
296,239,"App\\Model\\Skill","Behavior analysis","behavior-analysis",1,"2019-05-02 00:50:07","2019-05-02 00:50:09",NULL,NULL
297,240,"App\\Model\\Skill","autism","autism",1,"2019-05-02 00:50:07","2019-05-02 00:50:09",NULL,NULL
298,241,"App\\Model\\Skill","special needs","special-needs",1,"2019-05-02 00:50:07","2019-05-02 00:50:09",NULL,NULL
299,242,"App\\Model\\Skill","Streaming TV","streaming-tv",1,"2019-07-07 19:42:25","2019-07-07 19:42:26",NULL,NULL
300,243,"App\\Model\\Skill","Streaming TV Distribution","streaming-tv-distribution",1,"2019-07-07 19:42:25","2019-07-07 19:42:26",NULL,NULL
301,244,"App\\Model\\Skill","Roku Media Player","roku-media-player",1,"2019-07-07 19:42:25","2019-07-07 19:42:26",NULL,NULL
302,245,"App\\Model\\Skill","Roku Channel Developer","roku-channel-developer",1,"2019-07-07 19:42:25","2019-07-07 19:42:26",NULL,NULL
303,246,"App\\Model\\Skill","Data Architect","data-architect",1,"2019-07-16 14:31:23","2019-07-16 14:31:24",NULL,NULL
304,247,"App\\Model\\Skill","Data Visualization","data-visualization",1,"2019-07-16 14:31:23","2019-07-16 14:31:24",NULL,NULL
305,248,"App\\Model\\Skill","KPI Development","kpi-development",1,"2019-07-16 14:31:23","2019-07-16 14:31:24",NULL,NULL
306,249,"App\\Model\\Skill","xAPI Profile Designer","xapi-profile-designer",1,"2019-07-16 14:31:23","2019-07-16 14:31:24",NULL,NULL
307,250,"App\\Model\\Skill","XR Training Systems","xr-training-systems",1,"2019-07-16 14:31:23","2019-07-16 14:31:24",NULL,NULL
308,251,"App\\Model\\Skill","Database Design","database-design",1,"2019-07-16 14:37:00","2019-07-16 14:37:03",NULL,NULL
309,252,"App\\Model\\Skill","Report Automation","report-automation",1,"2019-07-16 14:37:00","2019-07-16 14:37:03",NULL,NULL
310,253,"App\\Model\\Skill","Dashboard Design","dashboard-design",1,"2019-07-16 14:37:00","2019-07-16 14:37:03",NULL,NULL
311,254,"App\\Model\\Skill","Computer Vision","computer-vision",1,"2019-07-16 14:37:00","2019-07-16 14:37:03",NULL,NULL
312,255,"App\\Model\\Skill","Data Governance","data-governance",1,"2019-07-16 14:37:00","2019-07-16 14:37:03",NULL,NULL
313,256,"App\\Model\\Skill","Tax Reduction","tax-reduction",1,"2019-08-06 12:37:24","2019-08-06 12:37:24",NULL,NULL
314,257,"App\\Model\\Skill","Retirement Plan Design","retirement-plan-design",1,"2019-08-06 12:37:24","2019-08-06 12:37:24",NULL,NULL
315,258,"App\\Model\\Skill","Tax-Free Income Plan Design","tax-free-income-plan-design",1,"2019-08-06 12:37:24","2019-08-06 12:37:24",NULL,NULL
316,259,"App\\Model\\Skill","Low Cost 401(k) Design","low-cost-401k-design",1,"2019-08-06 12:37:24","2019-08-06 12:37:24",NULL,NULL
317,260,"App\\Model\\Skill","Cash Balance Plan Design","cash-balance-plan-design",1,"2019-08-06 12:37:24","2019-08-06 12:37:24",NULL,NULL
318,261,"App\\Model\\Skill","Non Qualified Compensation Design","non-qualified-compensation-design",1,"2019-08-06 12:37:24","2019-08-06 12:37:24",NULL,NULL
319,262,"App\\Model\\Skill","Digital Strategy","digital-strategy",1,"2019-08-23 14:58:01","2019-08-23 14:58:04",NULL,NULL
320,263,"App\\Model\\Skill","Testing","testing",1,"2019-09-18 17:58:33","2019-09-18 17:58:36",NULL,NULL
321,264,"App\\Model\\Skill","Leadership Coaching","leadership-coaching",1,"2019-09-18 18:56:47","2019-09-18 18:56:48",NULL,NULL
322,265,"App\\Model\\Skill","Strategic Communications","strategic-communications",1,"2019-09-18 18:56:47","2019-09-18 18:56:48",NULL,NULL
323,266,"App\\Model\\Skill","Crisis Management","crisis-management",1,"2019-09-18 18:56:47","2019-09-18 18:56:48",NULL,NULL
324,267,"App\\Model\\Skill","Executive Data Analytics","executive-data-analytics",1,"2019-09-18 18:56:47","2019-09-18 18:56:48",NULL,NULL
